Game,Month,Avg Players,Growth,Game Type
Counter-Strike 2,2012-08-01,15475.39,1559.434680506557,Multiplayer
Counter-Strike 2,2012-09-01,16000.75,3.3948094361434533,Multiplayer
Counter-Strike 2,2012-10-01,10739.48,-32.88139618455386,Multiplayer
Counter-Strike 2,2012-11-01,14134.1,31.608792976941167,Multiplayer
Counter-Strike 2,2012-12-01,14079.39,-0.3870780594449008,Multiplayer
Counter-Strike 2,2013-01-01,16164.22,14.807672775596092,Multiplayer
Counter-Strike 2,2013-02-01,17372.73,7.476451075276147,Multiplayer
Counter-Strike 2,2013-03-01,15959.89,-8.132515730112654,Multiplayer
Counter-Strike 2,2013-04-01,16006.0,0.2889117656825979,Multiplayer
Counter-Strike 2,2013-05-01,18710.34,16.895789079095348,Multiplayer
Counter-Strike 2,2013-06-01,18119.84,-3.1560089234081268,Multiplayer
Counter-Strike 2,2013-07-01,20492.52,13.094376109281324,Multiplayer
Counter-Strike 2,2013-08-01,25961.85,26.689396911653617,Multiplayer
Counter-Strike 2,2013-09-01,27678.91,6.613781375364236,Multiplayer
Counter-Strike 2,2013-10-01,27902.14,0.8064985217987264,Multiplayer
Counter-Strike 2,2013-11-01,29890.52,7.126263433557423,Multiplayer
Counter-Strike 2,2013-12-01,46788.27,56.53213794875431,Multiplayer
Counter-Strike 2,2014-01-01,55627.35,18.891658101485696,Multiplayer
Counter-Strike 2,2014-02-01,59791.37,7.48556240770053,Multiplayer
Counter-Strike 2,2014-03-01,70143.33,17.3134684821572,Multiplayer
Counter-Strike 2,2014-04-01,78880.53,12.456209307428079,Multiplayer
Counter-Strike 2,2014-05-01,84925.02,7.662841514883345,Multiplayer
Counter-Strike 2,2014-06-01,84163.62,-0.8965555733752018,Multiplayer
Counter-Strike 2,2014-07-01,106138.0,26.109119355845213,Multiplayer
Counter-Strike 2,2014-08-01,133185.79,25.483606248468995,Multiplayer
Counter-Strike 2,2014-09-01,131034.68,-1.6151197511386273,Multiplayer
Counter-Strike 2,2014-10-01,133537.7,1.9101965983356672,Multiplayer
Counter-Strike 2,2014-11-01,147329.07,10.327697721317652,Multiplayer
Counter-Strike 2,2014-12-01,183589.5,24.61186376863711,Multiplayer
Counter-Strike 2,2015-01-01,234070.68,27.496768606047727,Multiplayer
Counter-Strike 2,2015-02-01,239934.64,2.5052091103422436,Multiplayer
Counter-Strike 2,2015-03-01,267996.31,11.695547587459654,Multiplayer
Counter-Strike 2,2015-04-01,291748.74,8.862969046103665,Multiplayer
Counter-Strike 2,2015-05-01,317286.29,8.753268308887986,Multiplayer
Counter-Strike 2,2015-06-01,344156.01,8.468604174482298,Multiplayer
Counter-Strike 2,2015-07-01,329532.38,-4.249128178816342,Multiplayer
Counter-Strike 2,2015-08-01,357535.24,8.497756730309769,Multiplayer
Counter-Strike 2,2015-09-01,355905.33,-0.455873944062124,Multiplayer
Counter-Strike 2,2015-10-01,362766.09,1.9276924006729645,Multiplayer
Counter-Strike 2,2015-11-01,360925.88,-0.5072717794543657,Multiplayer
Counter-Strike 2,2015-12-01,377447.11,4.577457842590826,Multiplayer
Counter-Strike 2,2016-01-01,365371.09,-3.1993939495257973,Multiplayer
Counter-Strike 2,2016-02-01,376285.02,2.9870808880910538,Multiplayer
Counter-Strike 2,2016-03-01,379426.95,0.834986734257992,Multiplayer
Counter-Strike 2,2016-04-01,375795.87,-0.9569905353323027,Multiplayer
Counter-Strike 2,2016-05-01,338738.39,-9.861066328376623,Multiplayer
Counter-Strike 2,2016-06-01,334311.06,-1.307005680696549,Multiplayer
Counter-Strike 2,2016-07-01,353777.56,5.822870472786623,Multiplayer
Counter-Strike 2,2016-08-01,347229.25,-1.8509681620281437,Multiplayer
Counter-Strike 2,2016-09-01,322525.89,-7.11442368406463,Multiplayer
Counter-Strike 2,2016-10-01,333076.46,3.2712319621844843,Multiplayer
Counter-Strike 2,2016-11-01,329045.26,-1.2102926757417865,Multiplayer
Counter-Strike 2,2016-12-01,342195.7,3.9965444267454187,Multiplayer
Counter-Strike 2,2017-01-01,393109.53,14.8785709463912,Multiplayer
Counter-Strike 2,2017-02-01,402385.71,2.3596934930577795,Multiplayer
Counter-Strike 2,2017-03-01,386908.72,-3.846307066918464,Multiplayer
Counter-Strike 2,2017-04-01,392199.19,1.367369026989107,Multiplayer
Counter-Strike 2,2017-05-01,371829.34,-5.193751165064864,Multiplayer
Counter-Strike 2,2017-06-01,374388.04,0.6881382733272101,Multiplayer
Counter-Strike 2,2017-07-01,377589.04,0.8549952610665601,Multiplayer
Counter-Strike 2,2017-08-01,374425.69,-0.8377759057836998,Multiplayer
Counter-Strike 2,2017-09-01,354402.09,-5.347816812462836,Multiplayer
Counter-Strike 2,2017-10-01,341861.26,-3.5385880483944088,Multiplayer
Counter-Strike 2,2017-11-01,321131.4,-6.063822499220883,Multiplayer
Counter-Strike 2,2017-12-01,340876.88,6.1487229215206,Multiplayer
Counter-Strike 2,2018-01-01,382030.53,12.072878043239555,Multiplayer
Counter-Strike 2,2018-02-01,382457.1,0.1116586153467658,Multiplayer
Counter-Strike 2,2018-03-01,354270.33,-7.369916782823472,Multiplayer
Counter-Strike 2,2018-04-01,289076.7,-18.40222690960318,Multiplayer
Counter-Strike 2,2018-05-01,262170.88,-9.307502126598234,Multiplayer
Counter-Strike 2,2018-06-01,266862.24,1.7894283301028713,Multiplayer
Counter-Strike 2,2018-07-01,273307.26,2.4151112574038347,Multiplayer
Counter-Strike 2,2018-08-01,283531.31,3.7408629393891557,Multiplayer
Counter-Strike 2,2018-09-01,333163.99,17.505184877112857,Multiplayer
Counter-Strike 2,2018-10-01,325907.82,-2.1779574677323277,Multiplayer
Counter-Strike 2,2018-11-01,310085.43,-4.85486663069331,Multiplayer
Counter-Strike 2,2018-12-01,395509.26,27.54848236500502,Multiplayer
Counter-Strike 2,2019-01-01,401366.87,1.4810297994034327,Multiplayer
Counter-Strike 2,2019-02-01,371358.96,-7.476429232935933,Multiplayer
Counter-Strike 2,2019-03-01,390240.16,5.084352885951637,Multiplayer
Counter-Strike 2,2019-04-01,351989.92,-9.8017179984756,Multiplayer
Counter-Strike 2,2019-05-01,364417.31,3.530609626548409,Multiplayer
Counter-Strike 2,2019-06-01,389376.72,6.849128544415195,Multiplayer
Counter-Strike 2,2019-07-01,393782.83,1.1315802341752779,Multiplayer
Counter-Strike 2,2019-08-01,415097.3,5.412747427306552,Multiplayer
Counter-Strike 2,2019-09-01,410925.6,-1.0049932871160627,Multiplayer
Counter-Strike 2,2019-10-01,408995.31,-0.4697419678890702,Multiplayer
Counter-Strike 2,2019-11-01,426080.81,4.1774317656601,Multiplayer
Counter-Strike 2,2019-12-01,456701.56,7.186606221481795,Multiplayer
Counter-Strike 2,2020-01-01,501196.0,9.74256361200081,Multiplayer
Counter-Strike 2,2020-02-01,543979.15,8.53621138237337,Multiplayer
Counter-Strike 2,2020-03-01,671033.29,23.356435628093465,Multiplayer
Counter-Strike 2,2020-04-01,857604.22,27.803528197535464,Multiplayer
Counter-Strike 2,2020-05-01,768795.25,-10.355472597837723,Multiplayer
Counter-Strike 2,2020-06-01,671647.46,-12.6363670951401,Multiplayer
Counter-Strike 2,2020-07-01,625900.81,-6.811110400089937,Multiplayer
Counter-Strike 2,2020-08-01,639957.66,2.2458590523313005,Multiplayer
Counter-Strike 2,2020-09-01,606850.32,-5.173364125370428,Multiplayer
Counter-Strike 2,2020-10-01,613666.69,1.123237440164826,Multiplayer
Counter-Strike 2,2020-11-01,668754.58,8.976842135589935,Multiplayer
Counter-Strike 2,2020-12-01,717803.75,7.334405096709773,Multiplayer
Counter-Strike 2,2021-01-01,743209.66,3.5393949948018477,Multiplayer
Counter-Strike 2,2021-02-01,741013.24,-0.2955316807911279,Multiplayer
Counter-Strike 2,2021-03-01,740927.82,-0.011527459347426827,Multiplayer
Counter-Strike 2,2021-04-01,723346.52,-2.3728762135021397,Multiplayer
Counter-Strike 2,2021-05-01,659888.89,-8.772784308134918,Multiplayer
Counter-Strike 2,2021-06-01,549347.08,-16.751579193885213,Multiplayer
Counter-Strike 2,2021-07-01,506067.36,-7.878392654785749,Multiplayer
Counter-Strike 2,2021-08-01,512081.96,1.18849791063389,Multiplayer
Counter-Strike 2,2021-09-01,512350.92,0.052522842241886636,Multiplayer
Counter-Strike 2,2021-10-01,512435.85,0.016576529227263492,Multiplayer
Counter-Strike 2,2021-11-01,548161.67,6.971764368164335,Multiplayer
Counter-Strike 2,2021-12-01,546614.19,-0.2823035766072568,Multiplayer
Counter-Strike 2,2022-01-01,602376.27,10.201359756138073,Multiplayer
Counter-Strike 2,2022-02-01,634638.4,5.355810247970094,Multiplayer
Counter-Strike 2,2022-03-01,581489.69,-8.37464452198292,Multiplayer
Counter-Strike 2,2022-04-01,568983.16,-2.1507741607593944,Multiplayer
Counter-Strike 2,2022-05-01,564961.7,-0.7067801444246791,Multiplayer
Counter-Strike 2,2022-06-01,572222.47,1.2851791546223401,Multiplayer
Counter-Strike 2,2022-07-01,594453.07,3.884957541076628,Multiplayer
Counter-Strike 2,2022-08-01,641444.78,7.905032772393628,Multiplayer
Counter-Strike 2,2022-09-01,618776.04,-3.534012701763667,Multiplayer
Counter-Strike 2,2022-10-01,608349.53,-1.6850216113733163,Multiplayer
Counter-Strike 2,2022-11-01,621005.99,2.0804585811055043,Multiplayer
Counter-Strike 2,2022-12-01,629325.0,1.3396022154311238,Multiplayer
Counter-Strike 2,2023-01-01,726150.29,15.385578198863858,Multiplayer
Counter-Strike 2,2023-02-01,805105.9,10.873177507097044,Multiplayer
Counter-Strike 2,2023-03-01,843474.54,4.765663746843729,Multiplayer
Counter-Strike 2,2023-04-01,918085.6,8.845680155325141,Multiplayer
Counter-Strike 2,2023-05-01,1117517.4,21.722571402927993,Multiplayer
Counter-Strike 2,2023-06-01,1085966.81,-2.8232750559409547,Multiplayer
Counter-Strike 2,2023-07-01,881690.91,-18.810510424347125,Multiplayer
Counter-Strike 2,2023-08-01,922152.86,4.589130900759764,Multiplayer
Counter-Strike 2,2023-09-01,976137.99,5.854249587210525,Multiplayer
Counter-Strike 2,2023-10-01,792124.96,-18.851128824522036,Multiplayer
Counter-Strike 2,2023-11-01,714511.43,-9.798142202210103,Multiplayer
Counter-Strike 2,2023-12-01,770094.8,7.77921355295883,Multiplayer
Counter-Strike 2,2024-01-01,760859.23,-1.1992770240754846,Multiplayer
Counter-Strike 2,2024-02-01,786630.82,3.3871692665146336,Multiplayer
Counter-Strike 2,2024-03-01,885629.69,12.585175597365982,Multiplayer
Counter-Strike 2,2024-04-01,930748.98,5.094599978914438,Multiplayer
Counter-Strike 2,2024-05-01,958207.34,2.950135921717578,Multiplayer
Counter-Strike 2,2024-06-01,947520.53,-1.1152920202009642,Multiplayer
Counter-Strike 2,2024-07-01,875365.08,-7.6151859210902835,Multiplayer
Counter-Strike 2,2024-08-01,897337.88,2.5101298306302144,Multiplayer
Counter-Strike 2,2024-09-01,836306.66,-6.8013644982868655,Multiplayer
Counter-Strike 2,2024-10-01,829438.76,-0.8212179010986254,Multiplayer
Counter-Strike 2,2024-11-01,852164.3,2.739869547451579,Multiplayer
Counter-Strike 2,2024-12-01,913953.36,7.2508388347176655,Multiplayer
Counter-Strike 2,2025-01-01,914092.22,0.015193335467356128,Multiplayer
Dota 2,2012-08-01,55768.61,5.780537375488537,Multiplayer
Dota 2,2012-09-01,61867.68,10.93638518155644,Multiplayer
Dota 2,2012-10-01,75965.44,22.786954351609758,Multiplayer
Dota 2,2012-11-01,101077.43,33.05712439762081,Multiplayer
Dota 2,2012-12-01,121924.42,20.624772513507715,Multiplayer
Dota 2,2013-01-01,147748.14,21.18010485512256,Multiplayer
Dota 2,2013-02-01,166972.97,13.011893076961911,Multiplayer
Dota 2,2013-03-01,180878.9,8.328252171593986,Multiplayer
Dota 2,2013-04-01,174835.73,-3.3410032900465403,Multiplayer
Dota 2,2013-05-01,194363.84,11.169404560497998,Multiplayer
Dota 2,2013-06-01,210224.82,8.16045824161531,Multiplayer
Dota 2,2013-07-01,237800.08,13.117033469216421,Multiplayer
Dota 2,2013-08-01,330720.07,39.074835466834166,Multiplayer
Dota 2,2013-09-01,312424.76,-5.5319624236896185,Multiplayer
Dota 2,2013-10-01,329677.64,5.5222511813724395,Multiplayer
Dota 2,2013-11-01,348246.37,5.6323898702987485,Multiplayer
Dota 2,2013-12-01,366606.49,5.272164071659957,Multiplayer
Dota 2,2014-01-01,393860.32,7.4340827954246125,Multiplayer
Dota 2,2014-02-01,421114.2,6.919681576453307,Multiplayer
Dota 2,2014-03-01,409755.56,-2.6972825898533004,Multiplayer
Dota 2,2014-04-01,421710.21,2.917507696539867,Multiplayer
Dota 2,2014-05-01,482387.24,14.38832367848053,Multiplayer
Dota 2,2014-06-01,513783.06,6.508426715433013,Multiplayer
Dota 2,2014-07-01,537018.66,4.522453504013946,Multiplayer
Dota 2,2014-08-01,490883.89,-8.590906319717085,Multiplayer
Dota 2,2014-09-01,477998.45,-2.624946603971867,Multiplayer
Dota 2,2014-10-01,495693.04,3.7018090749038945,Multiplayer
Dota 2,2014-11-01,528789.8,6.67686598948416,Multiplayer
Dota 2,2014-12-01,523940.32,-0.917090306961299,Multiplayer
Dota 2,2015-01-01,558504.33,6.596936460244174,Multiplayer
Dota 2,2015-02-01,628970.41,12.616926353999801,Multiplayer
Dota 2,2015-03-01,571713.15,-9.103331268000348,Multiplayer
Dota 2,2015-04-01,526061.73,-7.9850218593013,Multiplayer
Dota 2,2015-05-01,580348.42,10.319452433842713,Multiplayer
Dota 2,2015-06-01,568448.32,-2.0505095887053626,Multiplayer
Dota 2,2015-07-01,554991.01,-2.3673761583110964,Multiplayer
Dota 2,2015-08-01,606943.98,9.361047127592204,Multiplayer
Dota 2,2015-09-01,508156.85,-16.27615286669455,Multiplayer
Dota 2,2015-10-01,521941.72,2.712719507766148,Multiplayer
Dota 2,2015-11-01,539536.33,3.370991305312776,Multiplayer
Dota 2,2015-12-01,573344.25,6.266106306502106,Multiplayer
Dota 2,2016-01-01,612174.78,6.772637904714318,Multiplayer
Dota 2,2016-02-01,709178.26,15.845716479858908,Multiplayer
Dota 2,2016-03-01,672554.89,-5.16419806777495,Multiplayer
Dota 2,2016-04-01,656944.37,-2.321077466257071,Multiplayer
Dota 2,2016-05-01,623798.67,-5.045434821216288,Multiplayer
Dota 2,2016-06-01,640226.98,2.6335917003478038,Multiplayer
Dota 2,2016-07-01,638212.65,-0.3146274778985325,Multiplayer
Dota 2,2016-08-01,666013.05,4.355977588347715,Multiplayer
Dota 2,2016-09-01,622583.9,-6.520765621634594,Multiplayer
Dota 2,2016-10-01,639355.14,2.693812030796172,Multiplayer
Dota 2,2016-11-01,584251.33,-8.61865441482179,Multiplayer
Dota 2,2016-12-01,593920.6,1.654984679281779,Multiplayer
Dota 2,2017-01-01,580281.47,-2.2964567991074936,Multiplayer
Dota 2,2017-02-01,591567.25,1.94488030093396,Multiplayer
Dota 2,2017-03-01,548435.44,-7.2911084918916735,Multiplayer
Dota 2,2017-04-01,540278.03,-1.487396583999001,Multiplayer
Dota 2,2017-05-01,567526.42,5.043401450175566,Multiplayer
Dota 2,2017-06-01,555289.07,-2.1562608486139,Multiplayer
Dota 2,2017-07-01,498444.38,-10.236954600961257,Multiplayer
Dota 2,2017-08-01,556496.3,11.646619428229886,Multiplayer
Dota 2,2017-09-01,491450.16,-11.688512574117759,Multiplayer
Dota 2,2017-10-01,466126.79,-5.152784974167068,Multiplayer
Dota 2,2017-11-01,487381.24,4.55980013506625,Multiplayer
Dota 2,2017-12-01,513074.33,5.271661666747796,Multiplayer
Dota 2,2018-01-01,486861.91,-5.108893286475668,Multiplayer
Dota 2,2018-02-01,438847.72,-9.861972977101452,Multiplayer
Dota 2,2018-03-01,437262.35,-0.3612574311654182,Multiplayer
Dota 2,2018-04-01,430340.94,-1.582896400753453,Multiplayer
Dota 2,2018-05-01,474325.87,10.220949463929685,Multiplayer
Dota 2,2018-06-01,473900.0,-0.08978426582552101,Multiplayer
Dota 2,2018-07-01,441714.35,-6.791654357459387,Multiplayer
Dota 2,2018-08-01,476101.08,7.784834248649619,Multiplayer
Dota 2,2018-09-01,466470.74,-2.0227511351161076,Multiplayer
Dota 2,2018-10-01,431173.91,-7.566783288486656,Multiplayer
Dota 2,2018-11-01,461073.48,6.9344571428266555,Multiplayer
Dota 2,2018-12-01,439367.83,-4.707633585865745,Multiplayer
Dota 2,2019-01-01,475747.0,8.279889312788335,Multiplayer
Dota 2,2019-02-01,564909.67,18.74161476583143,Multiplayer
Dota 2,2019-03-01,586505.85,3.8229439407542642,Multiplayer
Dota 2,2019-04-01,520218.98,-11.301996390999335,Multiplayer
Dota 2,2019-05-01,548523.18,5.440824169852476,Multiplayer
Dota 2,2019-06-01,507528.44,-7.473656810638351,Multiplayer
Dota 2,2019-07-01,464787.61,-8.421366495245074,Multiplayer
Dota 2,2019-08-01,467148.29,0.5079051053017425,Multiplayer
Dota 2,2019-09-01,421971.24,-9.670815663266152,Multiplayer
Dota 2,2019-10-01,388355.86,-7.966272772523553,Multiplayer
Dota 2,2019-11-01,401931.8,3.4957474312348413,Multiplayer
Dota 2,2019-12-01,384179.76,-4.416679645651323,Multiplayer
Dota 2,2020-01-01,378925.43,-1.3676748613721923,Multiplayer
Dota 2,2020-02-01,405978.65,7.139457491675882,Multiplayer
Dota 2,2020-03-01,437147.36,7.677425894194179,Multiplayer
Dota 2,2020-04-01,493300.27,12.845304613071452,Multiplayer
Dota 2,2020-05-01,484189.02,-1.8469987863578452,Multiplayer
Dota 2,2020-06-01,457184.42,-5.577284672832938,Multiplayer
Dota 2,2020-07-01,450213.99,-1.5246429438693476,Multiplayer
Dota 2,2020-08-01,429717.12,-4.552695041751143,Multiplayer
Dota 2,2020-09-01,408609.78,-4.911915075666517,Multiplayer
Dota 2,2020-10-01,406361.36,-0.5502609359962052,Multiplayer
Dota 2,2020-11-01,425904.83,4.809381974703508,Multiplayer
Dota 2,2020-12-01,422552.32,-0.7871500306770418,Multiplayer
Dota 2,2021-01-01,432671.65,2.394811132500707,Multiplayer
Dota 2,2021-02-01,404832.13,-6.4343295891931,Multiplayer
Dota 2,2021-03-01,390412.76,-3.561814621779158,Multiplayer
Dota 2,2021-04-01,413784.97,5.986538452278034,Multiplayer
Dota 2,2021-05-01,415144.96,0.328670710296719,Multiplayer
Dota 2,2021-06-01,421509.96,1.5331993913644038,Multiplayer
Dota 2,2021-07-01,423156.18,0.39055304885322606,Multiplayer
Dota 2,2021-08-01,424980.17,0.4310441596292014,Multiplayer
Dota 2,2021-09-01,391082.08,-7.976393345600097,Multiplayer
Dota 2,2021-10-01,450761.44,15.26005998536164,Multiplayer
Dota 2,2021-11-01,448860.53,-0.4217108721633278,Multiplayer
Dota 2,2021-12-01,449297.37,0.09732198997314256,Multiplayer
Dota 2,2022-01-01,485791.43,8.122473541298492,Multiplayer
Dota 2,2022-02-01,450200.14,-7.32645489443895,Multiplayer
Dota 2,2022-03-01,448723.6,-0.32797413168286216,Multiplayer
Dota 2,2022-04-01,451826.77,0.6915548903601243,Multiplayer
Dota 2,2022-05-01,446916.9,-1.0866708938029546,Multiplayer
Dota 2,2022-06-01,458143.51,2.5120128596613833,Multiplayer
Dota 2,2022-07-01,444594.56,-2.957359365409329,Multiplayer
Dota 2,2022-08-01,468466.87,5.369456162486563,Multiplayer
Dota 2,2022-09-01,490724.86,4.751241000244044,Multiplayer
Dota 2,2022-10-01,456302.65,-7.01456412866468,Multiplayer
Dota 2,2022-11-01,523684.06,14.766824168126135,Multiplayer
Dota 2,2022-12-01,468545.02,-10.529065941017945,Multiplayer
Dota 2,2023-01-01,428296.61,-8.590083830151485,Multiplayer
Dota 2,2023-02-01,401847.04,-6.17552634843409,Multiplayer
Dota 2,2023-03-01,418744.49,4.204945742539246,Multiplayer
Dota 2,2023-04-01,429226.47,2.5031923405129497,Multiplayer
Dota 2,2023-05-01,433220.69,0.9305623672277274,Multiplayer
Dota 2,2023-06-01,421336.42,-2.7432369400455014,Multiplayer
Dota 2,2023-07-01,438510.22,4.076030265790931,Multiplayer
Dota 2,2023-08-01,444319.24,1.3247171297398719,Multiplayer
Dota 2,2023-09-01,437273.4,-1.5857607246537397,Multiplayer
Dota 2,2023-10-01,435620.98,-0.377891726320434,Multiplayer
Dota 2,2023-11-01,433727.63,-0.4346324183008732,Multiplayer
Dota 2,2023-12-01,435517.65,0.41270601091289993,Multiplayer
Dota 2,2024-01-01,440229.36,1.081864305614233,Multiplayer
Dota 2,2024-02-01,427922.41,-2.795576832949087,Multiplayer
Dota 2,2024-03-01,428918.55,0.23278519112845952,Multiplayer
Dota 2,2024-04-01,456550.81,6.442309384847089,Multiplayer
Dota 2,2024-05-01,512919.2,12.34657540088473,Multiplayer
Dota 2,2024-06-01,486674.34,-5.116763030122485,Multiplayer
Dota 2,2024-07-01,475393.65,-2.317913453172815,Multiplayer
Dota 2,2024-08-01,449798.09,-5.384076964427265,Multiplayer
Dota 2,2024-09-01,426811.67,-5.110386306887172,Multiplayer
Dota 2,2024-10-01,410681.51,-3.7792218755405615,Multiplayer
Dota 2,2024-11-01,454956.21,10.780787282096039,Multiplayer
Dota 2,2024-12-01,437635.69,-3.807074091812046,Multiplayer
Dota 2,2025-01-01,446491.16,2.0234798491868933,Multiplayer
PUBG,2017-04-01,69794.98,297.6663624129259,Multiplayer
PUBG,2017-05-01,107441.6,53.93886494415503,Multiplayer
PUBG,2017-06-01,139902.24,30.212357224762098,Multiplayer
PUBG,2017-07-01,229701.7,64.18729249796145,Multiplayer
PUBG,2017-08-01,389527.42,69.5796853048976,Multiplayer
PUBG,2017-09-01,660192.74,69.485562787852,Multiplayer
PUBG,2017-10-01,1086638.87,64.59418654013072,Multiplayer
PUBG,2017-11-01,1334170.09,22.779529320536817,Multiplayer
PUBG,2017-12-01,1436158.51,7.644334164319333,Multiplayer
PUBG,2018-01-01,1584886.77,10.355978045905246,Multiplayer
PUBG,2018-02-01,1391015.3,-12.232512357964854,Multiplayer
PUBG,2018-03-01,1295408.59,-6.873160201760542,Multiplayer
PUBG,2018-04-01,1107181.8,-14.530302751813618,Multiplayer
PUBG,2018-05-01,876180.64,-20.863887032825147,Multiplayer
PUBG,2018-06-01,800668.23,-8.61836093525189,Multiplayer
PUBG,2018-07-01,688620.42,-13.994286996999982,Multiplayer
PUBG,2018-08-01,619320.48,-10.063590620795138,Multiplayer
PUBG,2018-09-01,542607.05,-12.3867097048042,Multiplayer
PUBG,2018-10-01,469141.74,-13.539320950584788,Multiplayer
PUBG,2018-11-01,418159.48,-10.86713367265083,Multiplayer
PUBG,2018-12-01,473541.26,13.24417659979873,Multiplayer
PUBG,2019-01-01,497803.25,5.123521865866554,Multiplayer
PUBG,2019-02-01,437959.1,-12.021647106562682,Multiplayer
PUBG,2019-03-01,417812.51,-4.600107635621676,Multiplayer
PUBG,2019-04-01,390100.9,-6.632546737291323,Multiplayer
PUBG,2019-05-01,385840.59,-1.0921046324168904,Multiplayer
PUBG,2019-06-01,363083.37,-5.898088638108301,Multiplayer
PUBG,2019-07-01,352888.88,-2.8077545936626036,Multiplayer
PUBG,2019-08-01,358530.96,1.5988262367462536,Multiplayer
PUBG,2019-09-01,311444.31,-13.133217281988706,Multiplayer
PUBG,2019-10-01,287133.41,-7.805857811305017,Multiplayer
PUBG,2019-11-01,305659.39,6.452046106372666,Multiplayer
PUBG,2019-12-01,308445.45,0.9114917097753805,Multiplayer
PUBG,2020-01-01,275363.04,-10.725530235573267,Multiplayer
PUBG,2020-02-01,257584.32,-6.456465617172147,Multiplayer
PUBG,2020-03-01,228467.17,-11.303929524902756,Multiplayer
PUBG,2020-04-01,242847.28,6.29416909221574,Multiplayer
PUBG,2020-05-01,243258.78,0.16944805805525487,Multiplayer
PUBG,2020-06-01,230329.74,-5.314932517543669,Multiplayer
PUBG,2020-07-01,211700.3,-8.088160912264309,Multiplayer
PUBG,2020-08-01,192492.61,-9.073057525190098,Multiplayer
PUBG,2020-09-01,169093.71,-12.155739381371578,Multiplayer
PUBG,2020-10-01,162585.64,-3.848794848726178,Multiplayer
PUBG,2020-11-01,179520.26,10.415815320467402,Multiplayer
PUBG,2020-12-01,189233.58,5.410709632439237,Multiplayer
PUBG,2021-01-01,201247.19,6.348561391693819,Multiplayer
PUBG,2021-02-01,198957.52,-1.1377401095637674,Multiplayer
PUBG,2021-03-01,193114.18,-2.9369787078166176,Multiplayer
PUBG,2021-04-01,186110.65,-3.6266264859473263,Multiplayer
PUBG,2021-05-01,184701.21,-0.7573129211036589,Multiplayer
PUBG,2021-06-01,179338.27,-2.9035759971469566,Multiplayer
PUBG,2021-07-01,186249.97,3.8540017141907468,Multiplayer
PUBG,2021-08-01,184828.4,-0.7632591833437674,Multiplayer
PUBG,2021-09-01,167102.12,-9.590668966457539,Multiplayer
PUBG,2021-10-01,158437.88,-5.184997054495777,Multiplayer
PUBG,2021-11-01,141261.19,-10.84127735109811,Multiplayer
PUBG,2021-12-01,153670.81,8.784875732676456,Multiplayer
PUBG,2022-01-01,242322.35,57.68925145901165,Multiplayer
PUBG,2022-02-01,241174.46,-0.47370372563654284,Multiplayer
PUBG,2022-03-01,226114.89,-6.244264007059441,Multiplayer
PUBG,2022-04-01,223541.44,-1.1381161143346197,Multiplayer
PUBG,2022-05-01,200854.21,-10.14900413990355,Multiplayer
PUBG,2022-06-01,181187.81,-9.791380524212057,Multiplayer
PUBG,2022-07-01,177018.21,-2.3012585670084573,Multiplayer
PUBG,2022-08-01,184372.52,4.154549975395194,Multiplayer
PUBG,2022-09-01,195439.04,6.0022610744811855,Multiplayer
PUBG,2022-10-01,196558.88,0.5729868505289337,Multiplayer
PUBG,2022-11-01,183919.79,-6.43018010684635,Multiplayer
PUBG,2022-12-01,212290.36,15.425512393201402,Multiplayer
PUBG,2023-01-01,203658.43,-4.066096077089886,Multiplayer
PUBG,2023-02-01,220871.5,8.451931010172276,Multiplayer
PUBG,2023-03-01,203405.11,-7.907941948146324,Multiplayer
PUBG,2023-04-01,197736.31,-2.786950632656171,Multiplayer
PUBG,2023-05-01,183498.98,-7.200159646956084,Multiplayer
PUBG,2023-06-01,164443.43,-10.384553636210958,Multiplayer
PUBG,2023-07-01,163507.73,-0.5690102669349439,Multiplayer
PUBG,2023-08-01,180372.9,10.314601028342807,Multiplayer
PUBG,2023-09-01,181956.39,0.8778979547371168,Multiplayer
PUBG,2023-10-01,188670.82,3.69013146501751,Multiplayer
PUBG,2023-11-01,206208.57,9.295422577799783,Multiplayer
PUBG,2023-12-01,247012.55,19.78772269261164,Multiplayer
PUBG,2024-01-01,249557.66,1.0303565547580495,Multiplayer
PUBG,2024-02-01,250314.93,0.3034449032740527,Multiplayer
PUBG,2024-03-01,281342.08,12.395245461387393,Multiplayer
PUBG,2024-04-01,280853.22,-0.17376000063695773,Multiplayer
PUBG,2024-05-01,271364.22,-3.3786331522209334,Multiplayer
PUBG,2024-06-01,287498.52,5.945625403378552,Multiplayer
PUBG,2024-07-01,293396.8,2.0515862133829277,Multiplayer
PUBG,2024-08-01,285247.47,-2.7775797145708547,Multiplayer
PUBG,2024-09-01,298267.38,4.564426110422648,Multiplayer
PUBG,2024-10-01,293349.98,-1.6486549752775637,Multiplayer
PUBG,2024-11-01,315613.2,7.5893033979412605,Multiplayer
PUBG,2024-12-01,321097.93,1.7378012073005822,Multiplayer
PUBG,2025-01-01,307550.31,-4.21915519667162,Multiplayer
Apex Legends,2020-12-01,64469.75,-13.991319853473827,Multiplayer
Apex Legends,2021-01-01,71766.74,11.318471065887504,Multiplayer
Apex Legends,2021-02-01,120982.64,68.57758900571488,Multiplayer
Apex Legends,2021-03-01,126121.06,4.247237454894348,Multiplayer
Apex Legends,2021-04-01,124905.13,-0.9640975107567229,Multiplayer
Apex Legends,2021-05-01,164238.01,31.490203805079897,Multiplayer
Apex Legends,2021-06-01,136439.9,-16.925503420310573,Multiplayer
Apex Legends,2021-07-01,131151.07,-3.876307443790261,Multiplayer
Apex Legends,2021-08-01,169528.17,29.261751352848297,Multiplayer
Apex Legends,2021-09-01,139647.96,-17.62551321116722,Multiplayer
Apex Legends,2021-10-01,128529.43,-7.961827727379623,Multiplayer
Apex Legends,2021-11-01,136245.89,6.003652237468127,Multiplayer
Apex Legends,2021-12-01,122108.27,-10.37654787237986,Multiplayer
Apex Legends,2022-01-01,145582.94,19.224471856001223,Multiplayer
Apex Legends,2022-02-01,203653.75,39.88847182231654,Multiplayer
Apex Legends,2022-03-01,183596.68,-9.848613148542562,Multiplayer
Apex Legends,2022-04-01,192598.51,4.903046177087744,Multiplayer
Apex Legends,2022-05-01,195551.63,1.5333036584758597,Multiplayer
Apex Legends,2022-06-01,177736.44,-9.110223218287672,Multiplayer
Apex Legends,2022-07-01,183161.31,3.052199087592844,Multiplayer
Apex Legends,2022-08-01,230432.87,25.808703814140664,Multiplayer
Apex Legends,2022-09-01,221826.62,-3.7348187348445583,Multiplayer
Apex Legends,2022-10-01,172176.67,-22.382322734755633,Multiplayer
Apex Legends,2022-11-01,172345.48,0.09804464216900399,Multiplayer
Apex Legends,2022-12-01,170882.73,-0.8487312809131953,Multiplayer
Apex Legends,2023-01-01,197969.02,15.850805988410865,Multiplayer
Apex Legends,2023-02-01,257416.67,30.028764096523798,Multiplayer
Apex Legends,2023-03-01,255792.2,-0.6310663563474761,Multiplayer
Apex Legends,2023-04-01,222749.48,-12.917798118941858,Multiplayer
Apex Legends,2023-05-01,227947.44,2.3335452904311937,Multiplayer
Apex Legends,2023-06-01,189101.02,-17.041832099540144,Multiplayer
Apex Legends,2023-07-01,166199.09,-12.110950009682654,Multiplayer
Apex Legends,2023-08-01,188891.82,13.653943592591267,Multiplayer
Apex Legends,2023-09-01,186494.41,-1.269197363866792,Multiplayer
Apex Legends,2023-10-01,181420.4,-2.720730342534128,Multiplayer
Apex Legends,2023-11-01,167295.65,-7.785645936179176,Multiplayer
Apex Legends,2023-12-01,144447.76,-13.657193118888621,Multiplayer
Apex Legends,2024-01-01,146164.19,1.1882704169313474,Multiplayer
Apex Legends,2024-02-01,185661.61,27.02263803466498,Multiplayer
Apex Legends,2024-03-01,189218.54,1.9158133983649295,Multiplayer
Apex Legends,2024-04-01,166767.82,-11.864968411657761,Multiplayer
Apex Legends,2024-05-01,167424.45,0.3937390319067591,Multiplayer
Apex Legends,2024-06-01,139736.43,-16.53762040132132,Multiplayer
Apex Legends,2024-07-01,116747.21,-16.451844375872483,Multiplayer
Apex Legends,2024-08-01,120008.56,2.7935142946884817,Multiplayer
Apex Legends,2024-09-01,107227.3,-10.650290279293406,Multiplayer
Apex Legends,2024-10-01,85102.53,-20.633523365784644,Multiplayer
Apex Legends,2024-11-01,91362.07,7.355292492479371,Multiplayer
Apex Legends,2024-12-01,74196.38,-18.788639530606087,Multiplayer
Apex Legends,2025-01-01,69580.22,-6.221543423007969,Multiplayer
Rust,2014-01-01,24874.82,170.20901021859115,Multiplayer
Rust,2014-02-01,34753.45,39.713372800285576,Multiplayer
Rust,2014-03-01,24874.13,-28.426875605155743,Multiplayer
Rust,2014-04-01,17658.98,-29.00664264438596,Multiplayer
Rust,2014-05-01,13150.96,-25.528201515602834,Multiplayer
Rust,2014-06-01,11938.23,-9.221608156362727,Multiplayer
Rust,2014-07-01,10132.47,-15.1258603662352,Multiplayer
Rust,2014-08-01,8740.55,-13.737223006828547,Multiplayer
Rust,2014-09-01,6346.7,-27.38786460806242,Multiplayer
Rust,2014-10-01,6372.55,0.4072982809964376,Multiplayer
Rust,2014-11-01,5384.12,-15.510745306039187,Multiplayer
Rust,2014-12-01,6151.4,14.250796787590158,Multiplayer
Rust,2015-01-01,10591.06,72.17316383262346,Multiplayer
Rust,2015-02-01,9372.69,-11.503758830560862,Multiplayer
Rust,2015-03-01,8270.49,-11.759697589486052,Multiplayer
Rust,2015-04-01,8136.74,-1.6171955954242145,Multiplayer
Rust,2015-05-01,13819.82,69.84467981034173,Multiplayer
Rust,2015-06-01,13735.65,-0.6090527951883584,Multiplayer
Rust,2015-07-01,13817.71,0.5974234928816546,Multiplayer
Rust,2015-08-01,14870.06,7.61595083411073,Multiplayer
Rust,2015-09-01,12410.86,-16.537929234986272,Multiplayer
Rust,2015-10-01,13106.11,5.601948615970209,Multiplayer
Rust,2015-11-01,13061.63,-0.3393836920337234,Multiplayer
Rust,2015-12-01,18474.06,41.437630678560055,Multiplayer
Rust,2016-01-01,27647.06,49.65340591077434,Multiplayer
Rust,2016-02-01,32394.57,17.171843950134292,Multiplayer
Rust,2016-03-01,27267.6,-15.826633908090159,Multiplayer
Rust,2016-04-01,25605.94,-6.093898986342761,Multiplayer
Rust,2016-05-01,25497.88,-0.4220114551545362,Multiplayer
Rust,2016-06-01,25360.97,-0.5369466010507584,Multiplayer
Rust,2016-07-01,30949.75,22.036933129923653,Multiplayer
Rust,2016-08-01,30432.53,-1.671160510181835,Multiplayer
Rust,2016-09-01,26269.79,-13.678586696538208,Multiplayer
Rust,2016-10-01,24406.17,-7.094156443580257,Multiplayer
Rust,2016-11-01,22879.2,-6.256491698615541,Multiplayer
Rust,2016-12-01,28974.92,26.64306444281268,Multiplayer
Rust,2017-01-01,33999.91,17.342550039827564,Multiplayer
Rust,2017-02-01,36403.55,7.06954812527445,Multiplayer
Rust,2017-03-01,32438.98,-10.890613690148355,Multiplayer
Rust,2017-04-01,28588.81,-11.868961354518536,Multiplayer
Rust,2017-05-01,25380.27,-11.223062449958565,Multiplayer
Rust,2017-06-01,29285.43,15.386597542106518,Multiplayer
Rust,2017-07-01,29563.1,0.948150667413783,Multiplayer
Rust,2017-08-01,25558.02,-13.547564362330055,Multiplayer
Rust,2017-09-01,21595.41,-15.504370056835393,Multiplayer
Rust,2017-10-01,25760.5,19.286922545114905,Multiplayer
Rust,2017-11-01,28147.23,9.265076376623128,Multiplayer
Rust,2017-12-01,32974.0,17.14829487661842,Multiplayer
Rust,2018-01-01,34668.81,5.1398374476860464,Multiplayer
Rust,2018-02-01,33507.28,-3.3503601652320913,Multiplayer
Rust,2018-03-01,29074.81,-13.228379026886095,Multiplayer
Rust,2018-04-01,26047.04,-10.413722394058633,Multiplayer
Rust,2018-05-01,23893.78,-8.266812658943213,Multiplayer
Rust,2018-06-01,30308.9,26.848493624700676,Multiplayer
Rust,2018-07-01,36659.19,20.951898617237852,Multiplayer
Rust,2018-08-01,31488.28,-14.10535802891445,Multiplayer
Rust,2018-09-01,27319.2,-13.240100761299123,Multiplayer
Rust,2018-10-01,31820.22,16.475665466045864,Multiplayer
Rust,2018-11-01,37706.36,18.498112206640926,Multiplayer
Rust,2018-12-01,42622.28,13.037376187995875,Multiplayer
Rust,2019-01-01,46201.3,8.397063695325556,Multiplayer
Rust,2019-02-01,42431.42,-8.159683818420705,Multiplayer
Rust,2019-03-01,40725.29,-4.020911862011678,Multiplayer
Rust,2019-04-01,38200.78,-6.198875440788765,Multiplayer
Rust,2019-05-01,35780.66,-6.335263311377403,Multiplayer
Rust,2019-06-01,45132.57,26.13677332950257,Multiplayer
Rust,2019-07-01,62259.96,37.94906871024628,Multiplayer
Rust,2019-08-01,58531.24,-5.988953414040099,Multiplayer
Rust,2019-09-01,49636.12,-15.197217759268378,Multiplayer
Rust,2019-10-01,46704.38,-5.906464888875284,Multiplayer
Rust,2019-11-01,43507.96,-6.843940546903737,Multiplayer
Rust,2019-12-01,49094.84,12.841052533835185,Multiplayer
Rust,2020-01-01,51620.39,5.144226969677468,Multiplayer
Rust,2020-02-01,50075.2,-2.9933714177672877,Multiplayer
Rust,2020-03-01,58442.03,16.70853037032305,Multiplayer
Rust,2020-04-01,67504.05,15.505997994936195,Multiplayer
Rust,2020-05-01,57344.65,-15.050059959365402,Multiplayer
Rust,2020-06-01,50417.72,-12.079470360356193,Multiplayer
Rust,2020-07-01,58238.72,15.512403178882339,Multiplayer
Rust,2020-08-01,53287.65,-8.501337254664943,Multiplayer
Rust,2020-09-01,46430.53,-12.868122351051326,Multiplayer
Rust,2020-10-01,48550.8,4.566542746765978,Multiplayer
Rust,2020-11-01,55408.03,14.123824942122475,Multiplayer
Rust,2020-12-01,61171.65,10.402138462601895,Multiplayer
Rust,2021-01-01,142117.25,132.32535006003596,Multiplayer
Rust,2021-02-01,117742.27,-17.151316958356567,Multiplayer
Rust,2021-03-01,86369.82,-26.64501881949447,Multiplayer
Rust,2021-04-01,77590.25,-10.16509007428753,Multiplayer
Rust,2021-05-01,76870.61,-0.9274876675871013,Multiplayer
Rust,2021-06-01,79341.51,3.21436242017592,Multiplayer
Rust,2021-07-01,92823.79,16.99271919579044,Multiplayer
Rust,2021-08-01,83332.2,-10.22538510870974,Multiplayer
Rust,2021-09-01,69502.99,-16.595277695776655,Multiplayer
Rust,2021-10-01,65556.99,-5.677453588687332,Multiplayer
Rust,2021-11-01,69650.06,6.243529484803978,Multiplayer
Rust,2021-12-01,75604.11,8.548520991941722,Multiplayer
Rust,2022-01-01,90931.46,20.273170334258282,Multiplayer
Rust,2022-02-01,86566.57,-4.800197863313748,Multiplayer
Rust,2022-03-01,77347.66,-10.649503613230838,Multiplayer
Rust,2022-04-01,80715.83,4.354585516872778,Multiplayer
Rust,2022-05-01,72930.39,-9.64549333135768,Multiplayer
Rust,2022-06-01,81986.84,12.417937158981317,Multiplayer
Rust,2022-07-01,78841.19,-3.8367742920693004,Multiplayer
Rust,2022-08-01,83063.98,5.356070855855921,Multiplayer
Rust,2022-09-01,76172.14,-8.29702597925117,Multiplayer
Rust,2022-10-01,71982.45,-5.5002918389847055,Multiplayer
Rust,2022-11-01,72836.84,1.1869420949134124,Multiplayer
Rust,2022-12-01,85816.44,17.820103123639086,Multiplayer
Rust,2023-01-01,95273.42,11.0200096857898,Multiplayer
Rust,2023-02-01,90005.28,-5.529496054618377,Multiplayer
Rust,2023-03-01,84395.94,-6.23223437558329,Multiplayer
Rust,2023-04-01,82537.08,-2.202546710185349,Multiplayer
Rust,2023-05-01,87749.11,6.31477391737143,Multiplayer
Rust,2023-06-01,91924.65,4.758498405282974,Multiplayer
Rust,2023-07-01,95645.5,4.04771734241034,Multiplayer
Rust,2023-08-01,83463.73,-12.736375469833927,Multiplayer
Rust,2023-09-01,69292.44,-16.978979971300102,Multiplayer
Rust,2023-10-01,69355.77,0.09139525177639385,Multiplayer
Rust,2023-11-01,69012.7,-0.49465242762066763,Multiplayer
Rust,2023-12-01,84016.68,21.74089696534116,Multiplayer
Rust,2024-01-01,90065.28,7.199284713464049,Multiplayer
Rust,2024-02-01,82116.29,-8.82580945731808,Multiplayer
Rust,2024-03-01,82242.76,0.15401329017665777,Multiplayer
Rust,2024-04-01,80885.38,-1.6504553105951114,Multiplayer
Rust,2024-05-01,82373.76,1.840110042136156,Multiplayer
Rust,2024-06-01,97860.84,18.80098711045848,Multiplayer
Rust,2024-07-01,93180.0,-4.783159433334106,Multiplayer
Rust,2024-08-01,90633.01,-2.733408456750386,Multiplayer
Rust,2024-09-01,76245.68,-15.87427141612091,Multiplayer
Rust,2024-10-01,89776.59,17.74646117655454,Multiplayer
Rust,2024-11-01,95865.05,6.781790219477046,Multiplayer
Rust,2024-12-01,112605.48,17.462495455851723,Multiplayer
Rust,2025-01-01,124496.12,10.559557137006115,Multiplayer
Cyberpunk 2077,2021-01-01,82146.66,-75.28648163716944,Non-Multiplayer
Cyberpunk 2077,2021-02-01,24704.84,-69.92593490715264,Non-Multiplayer
Cyberpunk 2077,2021-03-01,13145.84,-46.7884025964143,Non-Multiplayer
Cyberpunk 2077,2021-04-01,12994.52,-1.1510865794806535,Non-Multiplayer
Cyberpunk 2077,2021-05-01,10388.37,-20.055761967352392,Non-Multiplayer
Cyberpunk 2077,2021-06-01,8864.45,-14.669481352704993,Non-Multiplayer
Cyberpunk 2077,2021-07-01,9633.97,8.68096723428975,Non-Multiplayer
Cyberpunk 2077,2021-08-01,10432.34,8.287030165134436,Non-Multiplayer
Cyberpunk 2077,2021-09-01,10232.7,-1.9136646236606492,Non-Multiplayer
Cyberpunk 2077,2021-10-01,8003.59,-21.784182082930215,Non-Multiplayer
Cyberpunk 2077,2021-11-01,10442.22,30.4692019456269,Non-Multiplayer
Cyberpunk 2077,2021-12-01,16773.66,60.63308376954326,Non-Multiplayer
Cyberpunk 2077,2022-01-01,14519.69,-13.437556263808847,Non-Multiplayer
Cyberpunk 2077,2022-02-01,21975.77,51.351509570796615,Non-Multiplayer
Cyberpunk 2077,2022-03-01,17680.72,-19.544480125156017,Non-Multiplayer
Cyberpunk 2077,2022-04-01,12442.88,-29.624585424123005,Non-Multiplayer
Cyberpunk 2077,2022-05-01,10884.86,-12.521377687480706,Non-Multiplayer
Cyberpunk 2077,2022-06-01,9989.26,-8.227942297833879,Non-Multiplayer
Cyberpunk 2077,2022-07-01,11597.0,16.094685692433664,Non-Multiplayer
Cyberpunk 2077,2022-08-01,10411.26,-10.224540829524875,Non-Multiplayer
Cyberpunk 2077,2022-09-01,43297.11,315.86810818287125,Non-Multiplayer
Cyberpunk 2077,2022-10-01,53194.59,22.859447200979453,Non-Multiplayer
Cyberpunk 2077,2022-11-01,31206.98,-41.33429734113939,Non-Multiplayer
Cyberpunk 2077,2022-12-01,28087.94,-9.994687086030119,Non-Multiplayer
Cyberpunk 2077,2023-01-01,26879.91,-4.30088500616278,Non-Multiplayer
Cyberpunk 2077,2023-02-01,15201.83,-43.445383559691976,Non-Multiplayer
Cyberpunk 2077,2023-03-01,13336.98,-12.267273084885177,Non-Multiplayer
Cyberpunk 2077,2023-04-01,16091.94,20.656550433456466,Non-Multiplayer
Cyberpunk 2077,2023-05-01,11877.68,-26.18863853581358,Non-Multiplayer
Cyberpunk 2077,2023-06-01,14736.68,24.070357174128286,Non-Multiplayer
Cyberpunk 2077,2023-07-01,18886.12,28.15722401517844,Non-Multiplayer
Cyberpunk 2077,2023-08-01,16461.41,-12.83858198507687,Non-Multiplayer
Cyberpunk 2077,2023-09-01,57259.74,247.84225652602055,Non-Multiplayer
Cyberpunk 2077,2023-10-01,94909.27,65.75218469381805,Non-Multiplayer
Cyberpunk 2077,2023-11-01,40241.12,-57.60043249726819,Non-Multiplayer
Cyberpunk 2077,2023-12-01,48632.66,20.85314722850655,Non-Multiplayer
Cyberpunk 2077,2024-01-01,38653.51,-20.51944105052037,Non-Multiplayer
Cyberpunk 2077,2024-02-01,29303.43,-24.189472055707228,Non-Multiplayer
Cyberpunk 2077,2024-03-01,25764.3,-12.077528125547076,Non-Multiplayer
Cyberpunk 2077,2024-04-01,25688.06,-0.2959133374475509,Non-Multiplayer
Cyberpunk 2077,2024-05-01,22409.11,-12.764490584341527,Non-Multiplayer
Cyberpunk 2077,2024-06-01,21812.7,-2.6614622356711193,Non-Multiplayer
Cyberpunk 2077,2024-07-01,24961.69,14.436498003456698,Non-Multiplayer
Cyberpunk 2077,2024-08-01,24479.69,-1.9309590015740175,Non-Multiplayer
Cyberpunk 2077,2024-09-01,25832.76,5.527316726641551,Non-Multiplayer
Cyberpunk 2077,2024-10-01,26655.95,3.1866126577260845,Non-Multiplayer
Cyberpunk 2077,2024-11-01,28574.69,7.198167763670016,Non-Multiplayer
Cyberpunk 2077,2024-12-01,42891.48,50.10304573732911,Non-Multiplayer
Cyberpunk 2077,2025-01-01,43016.58,0.2916663169468592,Non-Multiplayer
Terraria,2012-08-01,4716.07,-47.73146162431272,Non-Multiplayer
Terraria,2012-09-01,3919.96,-16.880792693916746,Non-Multiplayer
Terraria,2012-10-01,3191.02,-18.595597914264427,Non-Multiplayer
Terraria,2012-11-01,3976.15,24.604358480987276,Non-Multiplayer
Terraria,2012-12-01,4642.07,16.74785910994303,Non-Multiplayer
Terraria,2013-01-01,6025.35,29.798775115411893,Non-Multiplayer
Terraria,2013-02-01,4208.27,-30.157252275801405,Non-Multiplayer
Terraria,2013-03-01,5091.04,20.977028565182355,Non-Multiplayer
Terraria,2013-04-01,6050.11,18.838390584242106,Non-Multiplayer
Terraria,2013-05-01,6591.18,8.943143182520652,Non-Multiplayer
Terraria,2013-06-01,6076.89,-7.802699971780469,Non-Multiplayer
Terraria,2013-07-01,7174.02,18.054136244032716,Non-Multiplayer
Terraria,2013-08-01,4917.9,-31.448476586349084,Non-Multiplayer
Terraria,2013-09-01,4609.88,-6.263242440879225,Non-Multiplayer
Terraria,2013-10-01,41057.1,790.6327279668884,Non-Multiplayer
Terraria,2013-11-01,16431.88,-59.97798188376675,Non-Multiplayer
Terraria,2013-12-01,14111.89,-14.118834850303196,Non-Multiplayer
Terraria,2014-01-01,10849.59,-23.117385410458834,Non-Multiplayer
Terraria,2014-02-01,8396.13,-22.613389077375277,Non-Multiplayer
Terraria,2014-03-01,7213.54,-14.08494151472166,Non-Multiplayer
Terraria,2014-04-01,6438.95,-10.738001036938872,Non-Multiplayer
Terraria,2014-05-01,11115.93,72.63575582975486,Non-Multiplayer
Terraria,2014-06-01,13704.97,23.29125858115335,Non-Multiplayer
Terraria,2014-07-01,14022.64,2.3179182442573776,Non-Multiplayer
Terraria,2014-08-01,9491.65,-32.31196122841348,Non-Multiplayer
Terraria,2014-09-01,10025.46,5.623995827911887,Non-Multiplayer
Terraria,2014-10-01,9051.48,-9.715065443381143,Non-Multiplayer
Terraria,2014-11-01,8608.92,-4.889366158904396,Non-Multiplayer
Terraria,2014-12-01,13612.64,58.122505494301244,Non-Multiplayer
Terraria,2015-01-01,12344.52,-9.315753593718767,Non-Multiplayer
Terraria,2015-02-01,9485.75,-23.158211092857396,Non-Multiplayer
Terraria,2015-03-01,8187.08,-13.690746646285223,Non-Multiplayer
Terraria,2015-04-01,8055.54,-1.606677838741044,Non-Multiplayer
Terraria,2015-05-01,8557.78,6.234715487726472,Non-Multiplayer
Terraria,2015-06-01,13180.73,54.020435206326866,Non-Multiplayer
Terraria,2015-07-01,72132.59,447.2579288097093,Non-Multiplayer
Terraria,2015-08-01,29183.13,-59.54237883320146,Non-Multiplayer
Terraria,2015-09-01,17667.13,-39.461154440939,Non-Multiplayer
Terraria,2015-10-01,15566.45,-11.890329668712463,Non-Multiplayer
Terraria,2015-11-01,14108.95,-9.363085353436396,Non-Multiplayer
Terraria,2015-12-01,19534.38,38.453818320994834,Non-Multiplayer
Terraria,2016-01-01,20924.99,7.118782372412125,Non-Multiplayer
Terraria,2016-02-01,15533.39,-25.766320557381395,Non-Multiplayer
Terraria,2016-03-01,14525.52,-6.488409806230311,Non-Multiplayer
Terraria,2016-04-01,13951.01,-3.955176819831585,Non-Multiplayer
Terraria,2016-05-01,14718.13,5.498669988767824,Non-Multiplayer
Terraria,2016-06-01,18808.88,27.793952084945595,Non-Multiplayer
Terraria,2016-07-01,19813.61,5.341785369463792,Non-Multiplayer
Terraria,2016-08-01,15089.83,-23.84108701039336,Non-Multiplayer
Terraria,2016-09-01,12760.1,-15.439073866305975,Non-Multiplayer
Terraria,2016-10-01,13364.55,4.737031841443251,Non-Multiplayer
Terraria,2016-11-01,17145.48,28.29073930659842,Non-Multiplayer
Terraria,2016-12-01,19315.3,12.655347065232348,Non-Multiplayer
Terraria,2017-01-01,19425.38,0.5699108996495061,Non-Multiplayer
Terraria,2017-02-01,16403.13,-15.558254201462207,Non-Multiplayer
Terraria,2017-03-01,14951.85,-8.847579699728048,Non-Multiplayer
Terraria,2017-04-01,16998.39,13.687536993749937,Non-Multiplayer
Terraria,2017-05-01,17108.37,0.6470024514086292,Non-Multiplayer
Terraria,2017-06-01,19604.53,14.590285339865815,Non-Multiplayer
Terraria,2017-07-01,23413.09,19.426938569810147,Non-Multiplayer
Terraria,2017-08-01,19588.36,-16.335861691045473,Non-Multiplayer
Terraria,2017-09-01,16289.05,-16.84321709423352,Non-Multiplayer
Terraria,2017-10-01,16272.83,-0.0995760955979641,Non-Multiplayer
Terraria,2017-11-01,16630.67,2.199002877803058,Non-Multiplayer
Terraria,2017-12-01,19586.05,17.770661073787174,Non-Multiplayer
Terraria,2018-01-01,20687.97,5.626045067790608,Non-Multiplayer
Terraria,2018-02-01,18467.05,-10.735321058566893,Non-Multiplayer
Terraria,2018-03-01,17883.8,-3.158327940845995,Non-Multiplayer
Terraria,2018-04-01,17991.83,0.6040662499021687,Non-Multiplayer
Terraria,2018-05-01,17942.1,-0.27640323413462564,Non-Multiplayer
Terraria,2018-06-01,20082.14,11.927477831469012,Non-Multiplayer
Terraria,2018-07-01,23079.63,14.926148308895382,Non-Multiplayer
Terraria,2018-08-01,17935.16,-22.290088705928135,Non-Multiplayer
Terraria,2018-09-01,14684.79,-18.122893801895266,Non-Multiplayer
Terraria,2018-10-01,14899.15,1.4597416782943462,Non-Multiplayer
Terraria,2018-11-01,15635.95,4.945248554447734,Non-Multiplayer
Terraria,2018-12-01,17776.43,13.68947841352779,Non-Multiplayer
Terraria,2019-01-01,24649.15,38.661981061439235,Non-Multiplayer
Terraria,2019-02-01,20350.48,-17.4394248888907,Non-Multiplayer
Terraria,2019-03-01,17475.32,-14.1282171231342,Non-Multiplayer
Terraria,2019-04-01,19760.84,13.078558790339745,Non-Multiplayer
Terraria,2019-05-01,20160.82,2.0241042384837815,Non-Multiplayer
Terraria,2019-06-01,24024.57,19.164647072886922,Non-Multiplayer
Terraria,2019-07-01,25908.47,7.8415555408483995,Non-Multiplayer
Terraria,2019-08-01,20441.87,-21.099663546322887,Non-Multiplayer
Terraria,2019-09-01,15974.28,-21.85509447031998,Non-Multiplayer
Terraria,2019-10-01,15149.03,-5.166117033130757,Non-Multiplayer
Terraria,2019-11-01,21010.96,38.695084767803614,Non-Multiplayer
Terraria,2019-12-01,35587.14,69.37417424049164,Non-Multiplayer
Terraria,2020-01-01,29514.3,-17.064703710385267,Non-Multiplayer
Terraria,2020-02-01,27811.01,-5.771066906550382,Non-Multiplayer
Terraria,2020-03-01,30993.52,11.443345639011326,Non-Multiplayer
Terraria,2020-04-01,51315.09,65.56715726384095,Non-Multiplayer
Terraria,2020-05-01,129808.62,152.963835783977,Non-Multiplayer
Terraria,2020-06-01,75803.88,-41.60335423025066,Non-Multiplayer
Terraria,2020-07-01,40828.84,-46.13885199543877,Non-Multiplayer
Terraria,2020-08-01,28647.58,-29.834940204032236,Non-Multiplayer
Terraria,2020-09-01,21643.36,-24.449604469208218,Non-Multiplayer
Terraria,2020-10-01,26825.01,23.94106090736372,Non-Multiplayer
Terraria,2020-11-01,30765.52,14.68968697495361,Non-Multiplayer
Terraria,2020-12-01,28858.27,-6.199310136802493,Non-Multiplayer
Terraria,2021-01-01,34045.3,17.97415437585137,Non-Multiplayer
Terraria,2021-02-01,37535.76,10.252399009554903,Non-Multiplayer
Terraria,2021-03-01,29778.55,-20.666186058308135,Non-Multiplayer
Terraria,2021-04-01,27998.64,-5.977154696921105,Non-Multiplayer
Terraria,2021-05-01,33019.91,17.933978221799364,Non-Multiplayer
Terraria,2021-06-01,31688.26,-4.0328698654842015,Non-Multiplayer
Terraria,2021-07-01,31090.64,-1.8859350434514255,Non-Multiplayer
Terraria,2021-08-01,30195.3,-2.879773462366808,Non-Multiplayer
Terraria,2021-09-01,25234.37,-16.429477435229987,Non-Multiplayer
Terraria,2021-10-01,28707.56,13.763727804577663,Non-Multiplayer
Terraria,2021-11-01,38330.96,33.52218022012319,Non-Multiplayer
Terraria,2021-12-01,38408.77,0.2029951767448468,Non-Multiplayer
Terraria,2022-01-01,40140.54,4.508787966914851,Non-Multiplayer
Terraria,2022-02-01,33403.95,-16.78250965233653,Non-Multiplayer
Terraria,2022-03-01,27627.19,-17.29364341642231,Non-Multiplayer
Terraria,2022-04-01,26656.77,-3.5125541178816944,Non-Multiplayer
Terraria,2022-05-01,28125.37,5.50929463697214,Non-Multiplayer
Terraria,2022-06-01,30834.02,9.630628859282563,Non-Multiplayer
Terraria,2022-07-01,35823.23,16.18086126946796,Non-Multiplayer
Terraria,2022-08-01,29415.27,-17.88772257554666,Non-Multiplayer
Terraria,2022-09-01,25440.19,-13.513661441829372,Non-Multiplayer
Terraria,2022-10-01,60798.95,138.9877984401846,Non-Multiplayer
Terraria,2022-11-01,40035.46,-34.151066753619915,Non-Multiplayer
Terraria,2022-12-01,36542.58,-8.724465761102774,Non-Multiplayer
Terraria,2023-01-01,39418.54,7.870161329605074,Non-Multiplayer
Terraria,2023-02-01,31995.76,-18.83068221197437,Non-Multiplayer
Terraria,2023-03-01,32412.67,1.3030163996729627,Non-Multiplayer
Terraria,2023-04-01,34804.18,7.378318416841312,Non-Multiplayer
Terraria,2023-05-01,29882.86,-14.14002570955557,Non-Multiplayer
Terraria,2023-06-01,32016.04,7.138473358975683,Non-Multiplayer
Terraria,2023-07-01,45504.92,42.13163151970074,Non-Multiplayer
Terraria,2023-08-01,35810.69,-21.30369639151106,Non-Multiplayer
Terraria,2023-09-01,31760.67,-11.309527964973597,Non-Multiplayer
Terraria,2023-10-01,33173.39,4.448016997122539,Non-Multiplayer
Terraria,2023-11-01,30233.88,-8.861047966457447,Non-Multiplayer
Terraria,2023-12-01,30291.06,0.18912557700170307,Non-Multiplayer
Terraria,2024-01-01,32926.8,8.701379218819017,Non-Multiplayer
Terraria,2024-02-01,25216.02,-23.41794526039579,Non-Multiplayer
Terraria,2024-03-01,26284.62,4.237782171809812,Non-Multiplayer
Terraria,2024-04-01,27616.95,5.06885775788275,Non-Multiplayer
Terraria,2024-05-01,24490.71,-11.320004562415475,Non-Multiplayer
Terraria,2024-06-01,29746.74,21.461321456176652,Non-Multiplayer
Terraria,2024-07-01,31317.09,5.279065874109223,Non-Multiplayer
Terraria,2024-08-01,26699.24,-14.745463259836722,Non-Multiplayer
Terraria,2024-09-01,22638.4,-15.209571508402487,Non-Multiplayer
Terraria,2024-10-01,22679.99,0.18371439677715706,Non-Multiplayer
Terraria,2024-11-01,22429.16,-1.1059528685859243,Non-Multiplayer
Terraria,2024-12-01,28796.58,28.389025714739226,Non-Multiplayer
Terraria,2025-01-01,29151.93,1.234000704250282,Non-Multiplayer
